seq_id	util-min	util-max	util-mean	util-run	unfairness-min	unfairness-max	unfairness-mean	unfairness-run
0	0.658527	0.661077	0.659802	0.658527	0.069411	0.084435	0.076923	0.084435
1	0.659255	0.660404	0.659829	0.659255	0.069862	0.087735	0.078799	0.087735
2	0.659348	0.660529	0.659938	0.660529	0.064148	0.084131	0.074139	0.084131
3	0.659162	0.659513	0.659337	0.659513	0.068733	0.085310	0.077022	0.085310
4	0.661798	0.662272	0.662035	0.661798	0.070534	0.085750	0.078142	0.085750
