seq_id	util-min	util-max	util-mean	util-run	unfairness-min	unfairness-max	unfairness-mean	unfairness-run
0	0.545806	0.547374	0.546590	0.545806	0.038791	0.038984	0.038888	0.038984
1	0.545560	0.548422	0.546991	0.545560	0.039868	0.041784	0.040826	0.039868
2	0.545276	0.550262	0.547769	0.550262	0.038891	0.043182	0.041036	0.043182
3	0.545997	0.546593	0.546295	0.545997	0.039165	0.039830	0.039497	0.039830
4	0.547868	0.550128	0.548998	0.550128	0.040659	0.041818	0.041239	0.040659
