seq_id	util-min	util-max	util-mean	util-run	unfairness-min	unfairness-max	unfairness-mean	unfairness-run
0	0.658527	0.659387	0.658957	0.658527	0.081920	0.084435	0.083177	0.084435
1	0.658381	0.659255	0.658818	0.659255	0.083925	0.087735	0.085830	0.087735
2	0.656780	0.660529	0.658654	0.660529	0.081908	0.084131	0.083020	0.084131
3	0.654817	0.659513	0.657165	0.659513	0.082024	0.085310	0.083667	0.085310
4	0.661060	0.661798	0.661429	0.661798	0.085750	0.086661	0.086206	0.085750
