seq_id	util-min	util-max	util-mean	util-run	unfairness-min	unfairness-max	unfairness-mean	unfairness-run
0	0.649146	0.658527	0.653837	0.649146	0.084435	0.093213	0.088824	0.093213
1	0.648256	0.659255	0.653755	0.648256	0.087735	0.096572	0.092154	0.096572
2	0.648370	0.660529	0.654450	0.648370	0.084131	0.091037	0.087584	0.091037
3	0.646138	0.659513	0.652825	0.646138	0.085310	0.094041	0.089675	0.094041
4	0.650054	0.661798	0.655926	0.650054	0.085750	0.096051	0.090901	0.096051
