seq_id	util-min	util-max	util-mean	util-run	unfairness-min	unfairness-max	unfairness-mean	unfairness-run
0	0.655469	0.658527	0.656998	0.655469	0.078158	0.084435	0.081297	0.078158
1	0.654985	0.659255	0.657120	0.654985	0.080752	0.087735	0.084244	0.080752
2	0.653940	0.660529	0.657235	0.653940	0.077065	0.084131	0.080598	0.077065
3	0.653949	0.659513	0.656731	0.653949	0.076119	0.085310	0.080714	0.076119
4	0.657600	0.661798	0.659699	0.657600	0.080857	0.085750	0.083304	0.080857
