seq_id	util-min	util-max	util-mean	util-run	unfairness-min	unfairness-max	unfairness-mean	unfairness-run
0	0.646245	0.658527	0.652386	0.646245	0.084435	0.094076	0.089255	0.094076
1	0.644001	0.659255	0.651628	0.644001	0.087735	0.096326	0.092030	0.096326
2	0.646326	0.660529	0.653427	0.646326	0.084131	0.095007	0.089569	0.095007
3	0.644332	0.659513	0.651922	0.644332	0.085310	0.094320	0.089815	0.094320
4	0.647953	0.661798	0.654875	0.647953	0.085750	0.097184	0.091467	0.097184
