seq_id	util-min	util-max	util-mean	util-run	unfairness-min	unfairness-max	unfairness-mean	unfairness-run
0	0.545806	0.545954	0.545880	0.545954	0.038984	0.040131	0.039558	0.040131
1	0.545560	0.546675	0.546118	0.546675	0.039868	0.040859	0.040363	0.040859
2	0.546902	0.550262	0.548582	0.546902	0.038554	0.043182	0.040868	0.038554
3	0.543569	0.545997	0.544783	0.543569	0.033265	0.039830	0.036548	0.033265
4	0.550128	0.551676	0.550902	0.551676	0.039014	0.040659	0.039837	0.039014
