{"omega": {"DocHLevel": 0.005264910676760967, "abstract_score": 0.01108403536306028, "authors_score": 0.005880815466926568, "entities_score": 0.00855571204503414, "inCitations": 0.0037800039778338977, "journal_score": 0.003283374126159163, "outCitations": 0.007843391161712322, "title_score": 0.019533154802871225, "venue_score": 0.007225628673392936}, "mus": 5.809658505248746, "sigmas": 10.541036796313277}