{"omega": {"DocHLevel": 0.0063491714734897516, "abstract_score": 0.0001884188899180553, "authors_score": 0.001990783450224869, "entities_score": 0.001275469108853225, "inCitations": 0.004715651028384769, "journal_score": 0.0033285631916416896, "outCitations": 0.0060197734819090664, "title_score": 0.007952425436838606, "venue_score": 0.005414982110207375}, "mus": 5.9883108858, "sigmas": 10.267064963354507}