,seq_id,util-min,util-max,util-mean,util-run,unfairness-min,unfairness-max,unfairness-mean,unfairness-run
0,0.0,0.6281639479582741,0.6281639479582741,0.6281639479582741,0.6281639479582741,0.05250078388739271,0.05250078388739271,0.05250078388739271,0.05250078388739271
1,1.0,0.6265970373714613,0.6265970373714613,0.6265970373714613,0.6265970373714613,0.050428519786429774,0.050428519786429774,0.050428519786429774,0.050428519786429774
2,2.0,0.6290567806660345,0.6290567806660345,0.6290567806660345,0.6290567806660345,0.04949167639190767,0.04949167639190767,0.04949167639190767,0.04949167639190767
3,3.0,0.6260787046852061,0.6260787046852061,0.6260787046852061,0.6260787046852061,0.0518351596557184,0.0518351596557184,0.0518351596557184,0.0518351596557184
4,all,0.6276731419192274,0.6276731419192274,0.6276731419192274,0.6276731419192274,0.051443761720326595,0.051443761720326595,0.051443761720326595,0.051443761720326595
