seq_id	util-min	util-max	util-mean	util-run	unfairness-min	unfairness-max	unfairness-mean	unfairness-run
0	0.545969	0.545969	0.545969	0.545969	0.027226	0.027226	0.027226	0.027226
1	0.547212	0.547212	0.547212	0.547212	0.035118	0.035118	0.035118	0.035118
2	0.547154	0.547154	0.547154	0.547154	0.030154	0.030154	0.030154	0.030154
3	0.548332	0.548332	0.548332	0.548332	0.029331	0.029331	0.029331	0.029331
4	0.547338	0.547338	0.547338	0.547338	0.034305	0.034305	0.034305	0.034305
