seq_id	util-min	util-max	util-mean	util-run	unfairness-min	unfairness-max	unfairness-mean	unfairness-run
0	0.658527	0.661077	0.659802	0.658527	0.072091	0.147602	0.109847	0.072091
1	0.659255	0.660404	0.659829	0.659255	0.072138	0.159278	0.115708	0.072138
2	0.659348	0.660529	0.659938	0.660529	0.072280	0.156055	0.114167	0.072280
3	0.659162	0.659513	0.659337	0.659513	0.075552	0.153234	0.114393	0.075552
4	0.661798	0.662272	0.662035	0.661798	0.078643	0.167263	0.122953	0.078643
