seq_id	util-min	util-max	util-mean	util-run	unfairness-min	unfairness-max	unfairness-mean	unfairness-run
0	0.545806	0.547374	0.546590	0.545806	0.029905	0.035633	0.032769	0.029905
1	0.545560	0.548422	0.546991	0.545560	0.033095	0.036853	0.034974	0.033095
2	0.545276	0.550262	0.547769	0.550262	0.032765	0.036830	0.034798	0.032765
3	0.545997	0.546593	0.546295	0.545997	0.034136	0.038634	0.036385	0.034136
4	0.547868	0.550128	0.548998	0.550128	0.029925	0.033111	0.031518	0.033111
