seq_id	util-min	util-max	util-mean	util-run	unfairness-min	unfairness-max	unfairness-mean	unfairness-run
0	0.649146	0.658527	0.653837	0.649146	0.072091	0.131566	0.101829	0.131566
1	0.648256	0.659255	0.653755	0.648256	0.072138	0.146552	0.109345	0.146552
2	0.648370	0.660529	0.654450	0.648370	0.072280	0.141998	0.107139	0.141998
3	0.646138	0.659513	0.652825	0.646138	0.075552	0.141683	0.108618	0.141683
4	0.650054	0.661798	0.655926	0.650054	0.078643	0.150763	0.114703	0.150763
