seq_id	util-min	util-max	util-mean	util-run	unfairness-min	unfairness-max	unfairness-mean	unfairness-run
0	0.658527	0.659387	0.658957	0.659387	0.070597	0.072091	0.071344	0.070597
1	0.658381	0.659255	0.658818	0.658381	0.072128	0.072138	0.072133	0.072128
2	0.656780	0.660529	0.658654	0.656780	0.071488	0.072280	0.071884	0.071488
3	0.654817	0.659513	0.657165	0.654817	0.071360	0.075552	0.073456	0.071360
4	0.661060	0.661798	0.661429	0.661060	0.077063	0.078643	0.077853	0.077063
