seq_id	util-min	util-max	util-mean	util-run	unfairness-min	unfairness-max	unfairness-mean	unfairness-run
0	0.646245	0.658527	0.652386	0.646245	0.072091	0.087618	0.079855	0.087618
1	0.644001	0.659255	0.651628	0.644001	0.072138	0.099807	0.085973	0.099807
2	0.646326	0.660529	0.653427	0.646326	0.072280	0.095839	0.084059	0.095839
3	0.644332	0.659513	0.651922	0.644332	0.075552	0.095894	0.085723	0.095894
4	0.647953	0.661798	0.654875	0.647953	0.078643	0.104488	0.091566	0.104488
