seq_id	util-min	util-max	util-mean	util-run	unfairness-min	unfairness-max	unfairness-mean	unfairness-run
0	0.655469	0.658527	0.656998	0.655469	0.072091	0.124402	0.098247	0.124402
1	0.654985	0.659255	0.657120	0.654985	0.072138	0.136846	0.104492	0.136846
2	0.653940	0.660529	0.657235	0.653940	0.072280	0.133731	0.103005	0.133731
3	0.653949	0.659513	0.656731	0.653949	0.075552	0.128530	0.102041	0.128530
4	0.657600	0.661798	0.659699	0.657600	0.078643	0.141013	0.109828	0.141013
