seq_id	util-min	util-max	util-mean	util-run	unfairness-min	unfairness-max	unfairness-mean	unfairness-run
0	0.545806	0.545954	0.545880	0.545954	0.027497	0.029905	0.028701	0.027497
1	0.545560	0.546675	0.546118	0.546675	0.031795	0.033095	0.032445	0.031795
2	0.546902	0.550262	0.548582	0.546902	0.029937	0.032765	0.031351	0.029937
3	0.543569	0.545997	0.544783	0.543569	0.032025	0.034136	0.033081	0.032025
4	0.550128	0.551676	0.550902	0.551676	0.025390	0.033111	0.029251	0.025390
