,seq_id,util-min,util-max,util-mean,util-run,unfairness-min,unfairness-max,unfairness-mean,unfairness-run
0,0.0,0.545968541135733,0.6157652216944572,0.5808668814150951,0.6157652216944572,0.027225854734078486,0.0669737089515161,0.04709978184279729,0.0669737089515161
1,1.0,0.5472116777059741,0.6142148310620712,0.5807132543840227,0.6142148310620712,0.035118079094521644,0.07397610108977255,0.0545470900921471,0.07397610108977255
2,2.0,0.5471535178715381,0.6149491576233832,0.5810513377474607,0.6149491576233832,0.03015384268771876,0.06739313741313167,0.048773490050425215,0.06739313741313167
3,3.0,0.5483318147431862,0.6157883862397334,0.5820601004914598,0.6157883862397334,0.029331371804924733,0.0776000049162014,0.05346568836056307,0.0776000049162014
4,all,0.5472006117672144,0.615179041853102,0.5811898268101581,0.615179041853102,0.03122687317391474,0.07365692420953068,0.05244189869172271,0.07365692420953068
