,seq_id,util-min,util-max,util-mean,util-run,unfairness-min,unfairness-max,unfairness-mean,unfairness-run
0,0.0,0.6281639479582741,0.6281639479582741,0.6281639479582741,0.6281639479582741,0.0750791937220698,0.0750791937220698,0.0750791937220698,0.0750791937220698
1,1.0,0.6265970373714613,0.6265970373714613,0.6265970373714613,0.6265970373714613,0.08094811468478222,0.08094811468478222,0.08094811468478222,0.08094811468478222
2,2.0,0.6290567806660345,0.6290567806660345,0.6290567806660345,0.6290567806660345,0.0744515885883642,0.0744515885883642,0.0744515885883642,0.0744515885883642
3,3.0,0.6260787046852061,0.6260787046852061,0.6260787046852061,0.6260787046852061,0.07623129783753246,0.07623129783753246,0.07623129783753246,0.07623129783753246
4,all,0.6276731419192274,0.6276731419192274,0.6276731419192274,0.6276731419192274,0.07792938926300787,0.07792938926300787,0.07792938926300787,0.07792938926300787
