{"omega": {"h_score": 0.0076053720913920285, "abstract_score": 0.0002914668400334237, "authors_score": 0.005088879568576994, "entities_score": 0.008443134857441286, "inCitations": 0.002213618288776834, "journal_score": 0.003921955816139925, "outCitations": 0.009380894368583512, "title_score": 0.0007240472077585231, "venue_score": 0.0036151376435492595}, "mus": null, "sigmas": null}