{"omega": {"DocHLevel": 0.009166134823458573, "abstract_score": 0.004674608872439746, "authors_score": 0.005712188340395502, "entities_score": 0.006289060674761157, "inCitations": 0.0007917427675716025, "journal_score": 0.00951713300771351, "outCitations": 0.0040887338964068045, "title_score": 0.0031047160674739158, "venue_score": 0.009835430665085939}, "mus": 5.9883108858, "sigmas": 10.267064963354507}