,seq_id,util-min,util-max,util-mean,util-run,unfairness-min,unfairness-max,unfairness-mean,unfairness-run
0,0.0,0.545968541135733,0.6157652216944572,0.5808668814150951,0.6157652216944572,0.03609064453407009,0.05634072306435591,0.046215683799213,0.05634072306435591
1,1.0,0.5472116777059741,0.6142148310620712,0.5807132543840227,0.6142148310620712,0.0413401005557103,0.0542761152371063,0.0478081078964083,0.0542761152371063
2,2.0,0.5471535178715381,0.6149491576233832,0.5810513377474607,0.6149491576233832,0.03944023254005951,0.052423697773870286,0.0459319651569649,0.052423697773870286
3,3.0,0.5483318147431862,0.6157883862397334,0.5820601004914598,0.6157883862397334,0.03554361207613661,0.05805772262357618,0.0468006673498564,0.05805772262357618
4,all,0.5472006117672144,0.615179041853102,0.5811898268101581,0.615179041853102,0.037722835881379604,0.05532986066939803,0.04652634827538881,0.05532986066939803
