{"omega": {"h_score": 0.005660392084233133, "abstract_score": 0.0033045123084013434, "authors_score": 0.00390163347050547, "entities_score": 0.006321805313833204, "inCitations": 0.0018421751006534738, "journal_score": 0.007587084449938943, "outCitations": 0.0008201530668508462, "title_score": 0.00582064712499624, "venue_score": 0.0025457296549096014, "year": 0.004147972422143312}, "mus": null, "sigmas": null}