{"omega": {"DocHLevel": 0.0005559364590882847, "abstract_score": 0.007765894995599191, "authors_score": 0.0019473135505773923, "entities_score": 0.0068087893499819375, "inCitations": 0.008510119306259781, "journal_score": 0.0023876066223707097, "outCitations": 0.0026508898613863277, "title_score": 0.0027815971768039537, "venue_score": 0.004671956138114311}, "mus": 0.15831912087912087, "sigmas": 1.1101601867149473}